{
  "CLAUDE.md": {
    "mtime": 1782756047.8787565,
    "source_id": "147a0a9e-ed83-49d2-95cc-50d5c7599943",
    "verified_at": 1782756156.014461
  },
  "wiki/synthesis/claude-anti-patterns.md": {
    "mtime": 1778130361.5556011,
    "source_id": "463c2ee8-e2bf-47f5-9cb5-0ce88033ad48",
    "verified_at": 1778132066.8981838
  }
}