{
  "CLAUDE.md": {
    "mtime": 1782629552.0610073,
    "source_id": "81875011-92f8-4697-9699-51e7e7c2ebc6",
    "verified_at": 1782629786.976377
  },
  "wiki/synthesis/claude-anti-patterns.md": {
    "mtime": 1778130361.5556011,
    "source_id": "463c2ee8-e2bf-47f5-9cb5-0ce88033ad48",
    "verified_at": 1778132066.8981838
  }
}