{
  "CLAUDE.md": {
    "mtime": 1783375383.7932293,
    "source_id": "43960206-c83f-4290-8996-bbf49aaae9d7",
    "verified_at": 1783375448.066078
  },
  "wiki/synthesis/claude-anti-patterns.md": {
    "mtime": 1778130361.5556011,
    "source_id": "463c2ee8-e2bf-47f5-9cb5-0ce88033ad48",
    "verified_at": 1778132066.8981838
  }
}