{
  "CLAUDE.md": {
    "mtime": 1783119695.9094787,
    "source_id": "c22b82a3-5005-4140-98f6-04ba821559dd",
    "verified_at": 1783119755.465769
  },
  "wiki/synthesis/claude-anti-patterns.md": {
    "mtime": 1778130361.5556011,
    "source_id": "463c2ee8-e2bf-47f5-9cb5-0ce88033ad48",
    "verified_at": 1778132066.8981838
  }
}