{
  "CLAUDE.md": {
    "mtime": 1782757803.0646632,
    "source_id": "a0a489af-bbcc-4590-9764-c46beb1aa081",
    "verified_at": 1782757978.0665522
  },
  "wiki/synthesis/claude-anti-patterns.md": {
    "mtime": 1778130361.5556011,
    "source_id": "463c2ee8-e2bf-47f5-9cb5-0ce88033ad48",
    "verified_at": 1778132066.8981838
  }
}