{
  "CLAUDE.md": {
    "mtime": 1782619127.6487162,
    "source_id": "31975b4e-0121-4621-bacb-ea2312941f96",
    "verified_at": 1782619975.809431
  },
  "wiki/synthesis/claude-anti-patterns.md": {
    "mtime": 1778130361.5556011,
    "source_id": "463c2ee8-e2bf-47f5-9cb5-0ce88033ad48",
    "verified_at": 1778132066.8981838
  }
}