{
  "CLAUDE.md": {
    "mtime": 1778131980.5020235,
    "source_id": "e86bd067-5b0f-4705-84a0-ee7004e02c59",
    "verified_at": 1778132055.454412
  },
  "wiki/synthesis/claude-anti-patterns.md": {
    "mtime": 1778130361.5556011,
    "source_id": "463c2ee8-e2bf-47f5-9cb5-0ce88033ad48",
    "verified_at": 1778132066.8981838
  }
}