{
  "CLAUDE.md": {
    "mtime": 1777501749.4399574,
    "source_id": "40728365-912c-48c0-a5d5-57c9ca839517",
    "verified_at": 1777501786.698355
  },
  "wiki/synthesis/claude-anti-patterns.md": {
    "mtime": 1777500342.2546115,
    "source_id": "d6428883-1b37-4ee5-84db-f167e71d5421",
    "verified_at": 1777501792.160157
  }
}