{
  "CLAUDE.md": {
    "mtime": 1783672006.6437757,
    "source_id": "e7f57a1b-1ed3-4176-b36b-9c0b65616c00",
    "verified_at": 1783689578.065609
  },
  "wiki/synthesis/claude-anti-patterns.md": {
    "mtime": 1778130361.5556011,
    "source_id": "463c2ee8-e2bf-47f5-9cb5-0ce88033ad48",
    "verified_at": 1778132066.8981838
  }
}