{
  "CLAUDE.md": {
    "mtime": 1780368360.7849667,
    "source_id": "e8c9c8f0-6e4f-4d42-a14b-080fe98f63a1",
    "verified_at": 1780368436.9696581
  },
  "wiki/synthesis/claude-anti-patterns.md": {
    "mtime": 1778130361.5556011,
    "source_id": "463c2ee8-e2bf-47f5-9cb5-0ce88033ad48",
    "verified_at": 1778132066.8981838
  }
}