{
  "CLAUDE.md": {
    "mtime": 1782542925.9900758,
    "source_id": "9e801255-d13c-432b-b28e-b4b3cb88a134",
    "verified_at": 1782543051.362408
  },
  "wiki/synthesis/claude-anti-patterns.md": {
    "mtime": 1778130361.5556011,
    "source_id": "463c2ee8-e2bf-47f5-9cb5-0ce88033ad48",
    "verified_at": 1778132066.8981838
  }
}