{
  "CLAUDE.md": {
    "mtime": 1777514739.4858294,
    "source_id": "9c7f525f-6a2c-4d10-b4c8-bcafa01832de",
    "verified_at": 1777528474.9988558
  },
  "wiki/synthesis/claude-anti-patterns.md": {
    "mtime": 1777500342.2546115,
    "source_id": "d6428883-1b37-4ee5-84db-f167e71d5421",
    "verified_at": 1777501792.160157
  }
}