{
  "CLAUDE.md": {
    "mtime": 1784266525.6691988,
    "source_id": "9832aaee-d257-4691-a601-cd45e28238eb",
    "verified_at": 1784267411.276211
  },
  "wiki/synthesis/claude-anti-patterns.md": {
    "mtime": 1778130361.5556011,
    "source_id": "1d6d41f1-faf4-499a-b70d-43a1f890b20a",
    "verified_at": 1784267432.876431
  }
}