{
  "CLAUDE.md": {
    "mtime": 1781497987.9503665,
    "source_id": "050c5410-8f7f-44d9-adc5-0de3e0abe988",
    "verified_at": 1782247898.1011891
  },
  "wiki/synthesis/claude-anti-patterns.md": {
    "mtime": 1778130361.5556011,
    "source_id": "463c2ee8-e2bf-47f5-9cb5-0ce88033ad48",
    "verified_at": 1778132066.8981838
  }
}