{
  "CLAUDE.md": {
    "mtime": 1782833928.3786054,
    "source_id": "3b200ddc-b72b-4fb2-9dee-782c8af66705",
    "verified_at": 1782834063.5444422
  },
  "wiki/synthesis/claude-anti-patterns.md": {
    "mtime": 1778130361.5556011,
    "source_id": "463c2ee8-e2bf-47f5-9cb5-0ce88033ad48",
    "verified_at": 1778132066.8981838
  }
}