{
  "CLAUDE.md": {
    "mtime": 1783389937.6605113,
    "source_id": "2d9d6f6c-160d-435d-8ec0-8f88a51eb184",
    "verified_at": 1783390069.691422
  },
  "wiki/synthesis/claude-anti-patterns.md": {
    "mtime": 1778130361.5556011,
    "source_id": "463c2ee8-e2bf-47f5-9cb5-0ce88033ad48",
    "verified_at": 1778132066.8981838
  }
}