{
  "CLAUDE.md": {
    "mtime": 1783470996.7550552,
    "source_id": "ddc83a6e-dd42-4480-acaa-bad9985f00bf",
    "verified_at": 1783534449.7123861
  },
  "wiki/synthesis/claude-anti-patterns.md": {
    "mtime": 1778130361.5556011,
    "source_id": "463c2ee8-e2bf-47f5-9cb5-0ce88033ad48",
    "verified_at": 1778132066.8981838
  }
}