{
  "CLAUDE.md": {
    "mtime": 1784253458.1081965,
    "source_id": "f7fd1e35-0772-4dc3-8efe-e02c59c5f530",
    "verified_at": 1784255428.1766431
  },
  "wiki/synthesis/claude-anti-patterns.md": {
    "mtime": 1784253458.295508,
    "source_id": "e5289b0c-c81e-4ea3-a4e1-2830db3c9636",
    "verified_at": 1784255456.8009028
  }
}