{
  "CLAUDE.md": {
    "mtime": 1784340819.3438895,
    "source_id": "7693ffe4-32e8-4053-9efb-c9f4bea01d18",
    "verified_at": 1784580860.714711
  },
  "wiki/synthesis/claude-anti-patterns.md": {
    "mtime": 1778130361.5556011,
    "source_id": "1d6d41f1-faf4-499a-b70d-43a1f890b20a",
    "verified_at": 1784267432.876431
  }
}