{
  "CLAUDE.md": {
    "mtime": 1782336152.2379732,
    "source_id": "dd0ed02d-8a05-4fe2-9504-f0a3f5d5b680",
    "verified_at": 1782336229.7032619
  },
  "wiki/synthesis/claude-anti-patterns.md": {
    "mtime": 1778130361.5556011,
    "source_id": "463c2ee8-e2bf-47f5-9cb5-0ce88033ad48",
    "verified_at": 1778132066.8981838
  }
}