{
  "CLAUDE.md": {
    "mtime": 1783111173.2041552,
    "source_id": "fd1b5983-2a39-4b62-8594-6a300fa15c6b",
    "verified_at": 1783111226.6350121
  },
  "wiki/synthesis/claude-anti-patterns.md": {
    "mtime": 1778130361.5556011,
    "source_id": "463c2ee8-e2bf-47f5-9cb5-0ce88033ad48",
    "verified_at": 1778132066.8981838
  }
}