{
  "CLAUDE.md": {
    "mtime": 1778130184.8958638,
    "source_id": "4f302f4d-350c-4823-ad8c-78622ce07fec",
    "verified_at": 1778130682.6620722
  },
  "wiki/synthesis/claude-anti-patterns.md": {
    "mtime": 1778130361.5556011,
    "source_id": "71efb96b-bb82-4c0e-8942-e0ffe04d54d5",
    "verified_at": 1778130693.658865
  }
}