{
  "CLAUDE.md": {
    "mtime": 1782754747.8237011,
    "source_id": "88d48593-fb40-4b1f-8f02-3b4783e16b16",
    "verified_at": 1782754889.3300889
  },
  "wiki/synthesis/claude-anti-patterns.md": {
    "mtime": 1778130361.5556011,
    "source_id": "463c2ee8-e2bf-47f5-9cb5-0ce88033ad48",
    "verified_at": 1778132066.8981838
  }
}