{
  "CLAUDE.md": {
    "mtime": 1778348372.1770802,
    "source_id": "ae4c06c8-21eb-4afb-82a8-897a7986d19c",
    "verified_at": 1778348540.4189
  },
  "wiki/synthesis/claude-anti-patterns.md": {
    "mtime": 1778130361.5556011,
    "source_id": "463c2ee8-e2bf-47f5-9cb5-0ce88033ad48",
    "verified_at": 1778132066.8981838
  }
}