{
  "CLAUDE.md": {
    "mtime": 1782622746.150717,
    "source_id": "2d56779e-9942-4ed5-9cb2-18100b3e743a",
    "verified_at": 1782622809.909628
  },
  "wiki/synthesis/claude-anti-patterns.md": {
    "mtime": 1778130361.5556011,
    "source_id": "463c2ee8-e2bf-47f5-9cb5-0ce88033ad48",
    "verified_at": 1778132066.8981838
  }
}